Username,Password
MrSmile1,MrSmile1
SampleUsername,Samplepassword
SampleUsername,SamplePassword
SampleUsername,SamplePassword
SampleUsername,<sha1 _hashlib.HASH object @ 0x000001E8A28E3210>
SampleUsername,026d7dfce6830dcf571150dcbaacb5805f08404d
Rechad,40ae8c6a19351d85c9fed5c05c56af26d5830e6a
Rechad,40ae8c6a19351d85c9fed5c05c56af26d5830e6a
Rechad,40ae8c6a19351d85c9fed5c05c56af26d5830e6a
Rechad,40ae8c6a19351d85c9fed5c05c56af26d5830e6a
Rechad,40ae8c6a19351d85c9fed5c05c56af26d5830e6a
Rechad,40ae8c6a19351d85c9fed5c05c56af26d5830e6a
Rechad,40ae8c6a19351d85c9fed5c05c56af26d5830e6a
Rechad,81cf38afda6e409b5e499b9d52eb9eee759a63d7
Rechad,40ae8c6a19351d85c9fed5c05c56af26d5830e6a
Rechad,40ae8c6a19351d85c9fed5c05c56af26d5830e6a
